EmployeeID,LastName,FirstName
1,Kelley,Nathan
2,Wiggins,Claire
3,Prince,Kelly
4,Petty,Katherine
5,Norton,Roger
6,Darling,Mark
7,White,Derrick
8,Snellgrove,John
9,Homer,Maria
10,Phillips,Reda
11,Weidner,Ronald
12,Bogdan,Michael
13,Figueroa,Jonathan
14,Johnson,James
15,Heikes,Valorie
16,Carver,Austin
17,Buckner,Jose
18,Chapell,Bridget
19,Lara,Erin
20,Farrell,Jeanette
21,Guthrie,Robert
22,Park,Patsy
23,Witcher,Shane
24,Cobb,Martha
25,Riordan,Doris
26,Bean,Jody
27,Johnson,Phyllis
28,Chard,Robert
29,Agee,Nancy
30,Ross,Grace
31,Laster,Kenneth
32,Sullivan,Joan
33,Robles,Edward
34,Cobos,Leona
35,Neville,Darlene
36,Mitchell,Stephen
37,Diaz,Ramona
38,Richmond,Carolyn
39,Stimpson,Ethel
40,Sanders,Jason
41,Gochal,Cynthia
42,West,Jana
43,Goodie,John
44,Chao,Dorothy
45,Gilreath,Sheila
46,Verkamp,Heather
47,Brown,Willard
48,Jones,Minnie
49,Bussard,Marguerite
50,Panto,Anthony
51,Newton,William
52,Smith,Kenneth
53,Kerley,Lilly
54,Gibson,Cinthia
55,Farmer,Michael
56,Christenberry,Cori
57,Wright,George
58,Orlando,Linda
59,Maas,Joe
60,Anderson,Zofia
61,Benjamen,Mark
62,Slape,Lillian
63,Rowland,Brian
64,Taylor,Richard
65,Naranjo,Robert
66,Bridges,Judith
67,Brown,Luis
68,Anderson,Jamie
69,Dawson,Donald
70,Shaw,Judy
71,Ward,Kenneth
72,Slaughter,Steven
73,Hurst,Wilma
74,Porter,Michael
75,Deblase,Aimee
76,Zimmerman,Rose
77,Smith,Justin
78,Kelley,Ramon
79,Stump,Thomas
80,Crooks,Nelle
81,Alvarado,Rupert
82,Stuart,Joseph
83,White,Larry
84,Hodge,Doris
85,Pirman,Carolyn
86,Beck,Donna
87,Pennington,David
88,Macdonald,Guy
89,Thrift,Scott
90,Barlow,Eileen
91,Ford,Fred
92,Decker,Scott
93,Hastings,Kim
94,Thomas,Danielle
95,Flores,Denise
96,Baker,Derek
97,Nakamura,Tabatha
98,Fincher,James
99,Mosely,Linda
100,Fino,Ann
101,Thompson,David
102,Rissell,Mildred
103,Brown,Rita
104,Goshorn,Steven
105,King,Jennifer
106,Lee,Samantha
107,Johnson,Michal
108,Parks,Janet
109,Sudbeck,Jamie
110,Newhall,Shane
111,Sykes,Bonnie
112,Avila,Miriam
113,Skinnen,Jeremy
114,Reed,Quentin
115,Falcon,Gail
116,Clark,Annie
117,Taylor,John
118,Sturdevant,Rafael
119,Martin,Kathy
120,Cramer,Tyler
121,Scott,Ronald
122,Garcia,Eugene
123,Weiss,Richard
124,Adams,James
125,Young,Evelyn
126,Hilburn,Ismael
127,Caswell,Sandra
128,Lindholm,Agnes
129,Melancon,Brenda
130,Stevens,Susan
131,Denney,Michael
132,Garber,Renee
133,Waldron,Jeffry
134,Pope,Misty
135,Ream,George
136,Williams,Amy
137,Sadler,Shannon
138,Leatherwood,Alicia
139,Lowe,Jose
140,Wooten,Megan
141,March,Kevin
142,Roberts,Richard
143,Paris,Stuart
144,Box,James
145,Pinsky,Frederick
146,Aguilar,Nina
147,Davis,Dana
148,Beatty,Tyrone
149,Gotch,Mitchell
150,Cook,Kenneth
151,Trease,Tasha
152,Thompson,Brandon
153,Hayes,Brian
154,Moore,Prudence
155,Eld,Anne
156,Skinner,Dylan
157,Pearson,Bernard
158,Nay,William
159,Corona,Tammy
160,Fashaw,Jesus
161,Russo,Ashley
162,Mathews,Arnulfo
163,Garrett,Charles
164,Melia,Eugene
165,Hatherly,Karen
166,Stanley,Benjamin
167,Beckler,Michael
168,Byun,Jonathan
169,Friend,Robert
170,Krob,Dale
171,Smith,Tammy
172,Ring,Era
173,Behrens,Ruby
174,Vineyard,Pam
175,Cable,Nathan
176,Wilson,Ian
177,Welsh,Angela
178,Elliott,Claire
179,Aquilina,Celia
180,Carter,Gilbert
181,Green,James
182,Ricks,Jennie
183,Davila,Ruby
184,Stenn,Adam
185,Hanson,Christine
186,Champion,Harry
187,Spruill,Gavin
188,Marquez,Louis
189,Wong,Nicholas
190,Bodden,John
191,Munoz,Janet
192,Lin,Tyrone
193,Jones,Charles
194,Little,Elizabeth
195,Sellers,Lorie
196,Corral,Dorothy
197,Thresher,Michael
198,Sanderson,Pamela
199,Diaz,Keely
200,Prow,Deborah
201,Cruz,Debra
202,Puckett,Jane
203,Wells,Jennie
204,Murphy,Linda
205,Aho,Jeff
206,Anderson,Darlene
207,Erling,Curtis
208,Knight,Charles
209,Bennett,Debra
210,Hasselman,Ana
211,Register,Adrian
212,Getz,Marie
213,Pugh,Juanita
214,Webb,Ramona
215,Cho,Hortencia
216,Raschke,John
217,Devine,Robert
218,Talbott,Lisa
219,Mccord,Evelyn
220,Wallis,Cassandra
221,Oliveri,Jeffrey
222,Fox,Lori
223,Moses,Janice
224,Mccaslin,Melanie
225,Burnett,Christopher
226,Zepeda,Faye
227,Thompson,Kenneth
228,Schick,Heather
229,Dunnaway,Beverly
230,Scanlon,David
231,Johnson,Thomas
232,Foreman,Eleanor
233,Winger,Elsa
234,Carter,Mary
235,Chambers,Lori
236,Barber,Natalie
237,French,Linda
238,Foley,Taylor
239,Leleux,Daniel
240,Antolin,Dana
241,Hopkins,Howard
242,Garner,Faith
243,Conti,Laura
244,Mason,Kevin
245,Pitts,Melissa
246,Gill,Susanna
247,May,James
248,Pridgen,Chance
249,Bouillon,Issac
250,Lay,Matthew
251,Brooks,Dwayne
252,Snell,James
253,Quincel,Ann
254,Evans,Michael
255,Gutierrez,Malinda
256,Bridgmon,Ernest
257,Herring,Peter
258,Rowell,Walter
259,Adamczak,Candace
260,Butts,Darnell
261,Jordan,Joyce
262,Kennedy,Patricia
263,Mayer,Jeraldine
264,Styer,Kimberly
265,Bevington,Ronald
266,Grant,Allen
267,Rosario,Gladys
268,Bischoff,Sierra
269,Smith,Stanley
270,Green,Donald
271,Francis,Vivian
272,Bocanegra,Angelic
273,Schramm,Rose
274,Budd,Gary
275,Lopez,Bertha
276,Ramirez,Irene
277,Torain,Eleanor
278,Sherrill,Aracely
279,Burgett,Donnie
280,Graham,Michael
281,Brantley,Maria
282,Steadman,Gerald
283,Castillo,Audrey
284,Kirchoff,Cora
285,Bullinger,William
286,Pingrey,Velma
287,Mackie,Trenton
288,Seal,Arturo
289,Sims,Brandon
290,Aucoin,Ryan
291,Georges,Charles
292,Citizen,Mary
293,Perez,Roberta
294,Muse,Rebecca
295,Gordon,Phillip
296,Williams,Jennifer
297,Stack,David
298,Peters,Carol
299,Finlay,Maria
300,Suriel,Carla
301,Burke,Katherine
302,Lantz,Roland
303,Denny,Steven
304,Hight,Shirley
305,Coyne,Douglas
306,Mcdevitt,Brittany
307,Martinez,Ruby
308,Pichardo,Jeffrey
309,Jakeman,Ruth
310,Austin,Viola
311,Robinson,Gertrude
312,Weyandt,Muriel
313,Lamb,Kelsey
314,Moore,Dorothy
315,Hauer,Kathryn
316,Peller,Connie
317,Hoffman,Orlando
318,Peterson,Jerome
319,Vasquez,Michael
320,Zuniga,Susan
321,Tetterton,Gabriela
322,Masri,Ray
323,Maier,Mary
324,Colon,Maria
325,Frias,Debra
326,Haley,Melvin
327,Garay,Jerry
328,Landrum,Thomas
329,White,Dora
330,Obrien,William
331,Hardee,Jennifer
332,Mckinney,Adolph
333,Inman,Jeff
334,Ingram,David
335,Johnson,Donald
336,Sarro,Timothy
337,Peacemaker,Mary
338,Barrow,Margarita
339,Ruiz,Myrtle
340,Wietzel,Joyce
341,Mcbride,Vincenzo
342,Edler,Judy
343,Johnson,Bertha
344,Tomlin,Michael
345,Diaz,Judith
346,Kimmer,Lilian
347,Hunter,Kathleen
348,Johnston,Jeanne
349,Valasquez,Colleen
350,Delgado,Tonya
351,Cordray,Jennifer
352,Roundtree,Elizabeth
353,Zachmann,Jerry
354,Summers,Harry
355,Mccusker,Michael
356,Leal,Jeffrey
357,Walker,Tonya
358,Walsh,John
359,Smith,Cynthia
360,Parrish,Anna
361,Slaten,Marjorie
362,Garcia,Joseph
363,Botner,Cheryl
364,Bardin,Virginia
365,Zelechowski,Alvin
366,Kuster,Kathleen
367,Starnes,Steven
368,Bailey,Chester
369,Edmiston,James
370,Kartchner,Corinna
371,Welch,Joe
372,Lavalle,Jill
373,Mcdowell,Michael
374,Crawford,Jean
375,Duckey,Lillian
376,Luoma,Michael
377,Ferguson,Mandy
378,Maclean,Paul
379,Manalang,Diane
380,Slick,Floyd
381,Bennett,Marcus
382,Parpan,Sherry
383,Washington,Raymond
384,Wayland,Christina
385,Scharich,Raphael
386,Perez,James
387,Michna,David
388,Norrix,Leona
389,Chenoweth,Marylou
390,Newell,Agnes
391,Browne,Aaron
392,Tran,Paul
393,Mcdonough,Jay
394,Worley,Jerry
395,Pellham,Candice
396,Leef,Marie
397,Brown,Ashley
398,Harrod,Piper
399,Barnes,Annie
400,Edwards,Karla
401,Schaeffer,David
402,Smart,Latasha
403,Millerbernd,Stephanie
404,Newcomb,Danny
405,Polk,Hugh
406,Abernathy,Victor
407,Mejia,Amber
408,Brown,Teresita
409,Willis,Lamont
410,Sandigo,Ricky
411,Osler,Paul
412,Anderson,Edward
413,Gates,Janice
414,Evans,Charlene
415,Cleveland,Clay
416,Gregory,Cindy
417,Washington,William
418,Franks,Stacey
419,Barnett,John
420,Beason,Bill
421,Glory,Jeannine
422,Hagen,Deandra
423,Germany,Janette
424,Crane,Monica
425,Jensen,Shane
426,Kolb,Kimberly
427,Hensley,Linda
428,Bish,Maurice
429,Whitehead,Stephanie
430,Harris,Clyde
431,Samuels,Stephanie
432,Geiger,Richard
433,Jones,James
434,Mills,Jean
435,Allen,Benjamin
436,Phang,Olene
437,Costa,Judith
438,Cote,Candice
439,Hayes,Josephine
440,Scott,Paul
441,Beaudreault,Catherine
442,Linscott,William
443,Singer,Paul
444,Simpson,John
445,Mcintosh,Hector
446,Garcia,Lauren
447,Lovell,Susan
448,Herman,Anna
449,Mills,Daniel
450,King,Helen
451,Holmes,Benjamin
452,Felton,Victor
453,Arellano,Magdalena
454,Buchanan,Andrea
455,Austin,Dale
456,Kovac,Corey
457,Bembry,Lori
458,Wright,Nancy
459,Wilson,Amy
460,Hughes,Chester
461,Kalhorn,Matthew
462,Asher,Michelle
463,Short,William
464,Tran,Alexander
465,Scott,Ronald
466,Swenson,Rodney
467,Delossantos,Mabel
468,Hubbard,Donald
469,Wright,Sheri
470,Flores,Jean
471,Peterson,Richard
472,Capo,Carol
473,Ramsey,Brandon
474,Pope,Joseph
475,Schmitt,Wade
476,Ollie,Willie
477,Waltman,Carol
478,Shelton,Yuonne
479,Mccowan,Stacey
480,Willy,Anna
481,Souder,Brenda
482,Smallwood,Essie
483,Payne,David
484,Lynch,Sherry
485,Cooper,Michelle
486,Stahl,Martin
487,Martin,Daniel
488,Hampton,Carol
489,Kinkade,Clarence
490,Critchfield,Beatrice
491,Gallaher,Jennifer
492,Wilson,Timothy
493,Alford,John
494,Mathewson,Ashly
495,Hutzler,Mary
496,Foster,Wendy
497,Avery,Robert
498,Mitchell,Marilyn
499,Thomas,Charles
500,Palmer,Holly
501,Limbo,Huong
502,Mcafee,Brenda
503,Davis,Eugene
504,Wilson,Bianca
505,Williams,Harold
506,Voelker,Charles
507,Abbott,Lucille
508,Hamilton,Michele
509,Cromer,James
510,Epp,Darren
511,Meurer,Ashley
512,Kimball,Donald
513,Schmidt,Emiko
514,Rosenberg,Delores
515,Marks,David
516,Cooper,Thomas
517,Storm,Katherine
518,Jansen,Cassie
519,Alvarez,Alicia
520,Marotti,Janet
521,Bethea,Oscar
522,Werre,Minerva
523,Sanchez,Georgia
524,Rainey,Irene
525,Armas,Karen
526,Howe,Clara
527,Baine,Alfonso
528,Richards,Emily
529,Cunningham,Lou
530,Park,Pamula
531,Peets,Kristy
532,Telford,Charles
533,Fenton,Mildred
534,Crozier,Aaron
535,Flores,Victoria
536,Termini,Charles
537,Fitzpatrick,Lourdes
538,Partain,Daniel
539,Davis,Yvonne
540,Thomas,Joanne
541,Freeman,David
542,Blakney,Wade
543,Ramos,Dianne
544,Taylor,Carrie
545,Voss,Joseph
546,Speis,Ronald
547,Bedor,Valerie
548,Thomas,Donald
549,Knight,Linda
550,Slatton,Mary
551,Nance,Therese
552,Williams,Laura
553,Veno,Mary
554,Walker,Marlene
555,Muddaththir,William
556,Wolf,Mary
557,Smalls,Reynaldo
558,Ginn,Debra
559,Lamb,Annie
560,Bradbury,Bobby
561,Whitmire,Howard
562,Shani,Wendy
563,Adams,Martha
564,Gregg,Barbara
565,Mangram,Mary
566,Thomas,Slyvia
567,Garton,Jacqueline
568,Howard,Corina
569,Mansour,Jonathan
570,Dettinger,Corrine
571,Bednarczyk,Lorine
572,Herring,Michelle
573,Whiteman,Dean
574,Briney,Victor
575,Lisby,Nancy
576,Frost,Gabriela
577,Williams,Jackie
578,Hargenrader,Joseph
579,Hancock,Lilly
580,Tuder,Virginia
581,Fortner,Barbara
582,Skow,Teresa
583,Bowman,Jerry
584,Dowdy,Thomas
585,Ramlall,David
586,Tavira,Rita
587,Crabb,Leann
588,Flory,Karl
589,Essex,Luis
590,Lavoie,Timothy
591,Lopez,Marian
592,Rondon,Clarence
593,Darnell,Tracey
594,Harris,Gary
595,Masters,Sidney
596,Smith,Harriett
597,Webber,Warren
598,Potthoff,Stephanie
599,Morales,Maria
600,Ware,Marian
601,Oswald,Vicky
602,Hauck,Luis
603,Barre,Erica
604,Hunt,Bennie
605,Rivers,Julie
606,Jefferson,Kevin
607,Turner,Darlene
608,Davis,Alicia
609,Hopkins,Leah
610,Parker,Alice
611,Johnson,Rory
612,Ryan,Christine
613,Hildreth,Ernest
614,Richardson,Amber
615,Spear,Brian
616,Torres,Jean
617,Cromer,Violet
618,Pride,Michael
619,Dunn,Leonard
620,Therrien,Ruth
621,Wilkes,Heriberto
622,Dever,Nathan
623,Stanier,David
624,Levi,Molly
625,Puertas,Randall
626,Stewart,Eunice
627,Ashley,John
628,Stearns,Paul
629,Moten,Jaime
630,King,Maria
631,Walter,Kelly
632,Floyd,Richie
633,Crofton,James
634,Oakes,Tom
635,Sanders,Peter
636,Lyell,Steven
637,Brooks,Joseph
638,Edwards,Luis
639,Pavone,Nathan
640,Hoffman,Richard
641,Horstman,Jennifer
642,Grayson,Peter
643,Grant,Henry
644,Fountain,Sharonda
645,Huey,Dale
646,Weaver,Simon
647,Muller,Robert
648,Farrell,Michael
649,Ellis,Gerald
650,Lamb,Randall
651,Cabrera,Alicia
652,Watkins,Sandra
653,Reeves,Edna
654,Smith,Joseph
655,Martin,Jacqueline
656,Conover,Jackie
657,Granda,Sarah
658,Williams,Steven
659,Lundquist,Cecil
660,Laster,Crystal
661,Miles,Heather
662,Pence,Joseph
663,Morgan,Tammy
664,Buckley,Brandy
665,Bellows,Bobby
666,Markowski,Jan
667,Olvera,Walter
668,Potter,Tomeka
669,Prey,Candi
670,Brewer,Jack
671,Smith,Olin
672,Deaton,Michael
673,Cabrera,Max
674,Henderson,William
675,Talbert,Dana
676,Clester,William
677,Rowan,Edna
678,Harkin,Willie
679,Bohannon,Edward
680,Planas,Jesse
681,Royce,Diane
682,Carter,Jeri
683,Cecil,Christina
684,Sharp,Patricia
685,Coakley,Janet
686,Allen,Mila
687,Blackburn,Shirley
688,Madden,Lauren
689,Jackson,Walter
690,Bruce,Zandra
691,Pelt,Camilla
692,Moxley,Peter
693,Hoosier,John
694,Rose,Brad
695,Tiller,Harvey
696,Delvalle,Deborah
697,Cueto,Jeffrey
698,Eichenlaub,Michelle
699,Bybee,Grace
700,Embrey,Dennis
701,Martin,Brett
702,Groh,Joe
703,Smith,Barbara
704,Needham,Tamika
705,Carr,John
706,Hart,Elsie
707,Carter,Armanda
708,Petty,Charles
709,Clark,Michael
710,Noel,Bruce
711,Hattabaugh,Anna
712,Lucero,Hassan
713,Josephson,Maggie
714,Barr,Christina
715,Wheeler,Robert
716,Burns,Wendy
717,Pridgen,Caryn
718,Lamberton,June
719,Black,Samantha
720,Smith,Kathy
721,Spencer,Joseph
722,Johnson,Brenna
723,Breeding,Jose
724,Philpott,Dennis
725,Fitch,Gerald
726,Noll,Sheila
727,Goodman,Richard
728,Brice,Pamela
729,Gilbert,James
730,Bailey,Lorraine
731,Moody,Scott
732,Magner,Herbert
733,Roybal,David
734,Burger,Richard
735,Barnes,Patricia
736,Smith,Dana
737,Lopez,Leah
738,Johnson,Paul
739,Mason,Joseph
740,Nelson,William
741,Flickner,Donald
742,Hippen,Jeri
743,Cairns,Clarence
744,Jones,Brian
745,Colwell,Deann
746,Finnell,Maria
747,Mullins,Nicole
748,Dumesnil,Shameka
749,Porter,Charlene
750,Walsh,Linda
751,Tointon,Pamela
752,Cox,Alexa
753,Matherly,Lola
754,Wong,Walter
755,Price,Keith
756,Watts,Frances
757,Patterson,Louis
758,Ray,Tina
759,Cavin,Keri
760,Ly,Josephine
761,Nettles,Douglas
762,Mapp,Nicole
763,Torsiello,Nancy
764,Baylor,Irene
765,Garrison,Bette
766,Welch,Reina
767,Widmer,Carol
768,Dunn,Robert
769,Canales,Gary
770,Wright,Harry
771,Prince,Billy
772,Bird,David
773,Debarros,Marion
774,Rivera,Keith
775,Defir,Williams
776,Coates,John
777,Johnson,Jonathon
778,Mckenzie,George
779,Dibenedetto,Whitney
780,Patten,Patricia
781,Burton,Angela
782,Paider,Carmen
783,Taylor,Alfonso
784,Felder,Susan
785,Gaunt,Shirley
786,Hanson,Brian
787,Steward,Rosann
788,Halsey,Mary
789,Arzola,Latasha
790,Osborne,Benjamin
791,Schreffler,Jennifer
792,Kinard,Thea
793,Runnels,Julia
794,Williams,Sylvia
795,Geis,Roberto
796,Cohee,Betty
797,Allen,Kevin
798,Walker,Shelly
799,Cooper,Judy
800,Bates,Carolyn
801,Beaulieu,Carl
802,Nicolas,Ronald
803,Whetstone,Martin
804,Tovar,Dorothy
805,Garcia,Thomas
806,Moravek,Karen
807,Milliken,Heather
808,Wolf,Susan
809,Nebel,Paul
810,Eddy,Mercedes
811,Carmley,Virginia
812,Lin,Mildred
813,Thomas,Barbara
814,Horrell,Thomas
815,Connors,Alesha
816,Griffin,Todd
817,Cotto,Tracy
818,Collica,Elizabeth
819,Forbis,Brenda
820,Ethridge,Brian
821,Coppola,Dorothy
822,Mcauley,Pedro
823,Mclaughlin,Zena
824,Sizemore,Mary
825,Weatherspoon,Bethany
826,Bjorseth,Bruce
827,Davis,Jennifer
828,Bowen,Jonathan
829,Akin,Pete
830,Webster,Sheldon
831,Hodgson,Melvin
832,Beuth,Lindsey
833,Tatum,Teresa
834,Mendoza,Joesph
835,Bailey,Chester
836,Bachmeier,Joan
837,Turner,Tameka
838,Ortega,Sue
839,Anderson,Elsie
840,Caldon,Jack
841,Whitten,Connie
842,Dibenedetto,Andrea
843,Chu,Sarah
844,Walton,Louis
845,Digiovanni,Valerie
846,Nerad,Natalie
847,Jones,Andres
848,Deleon,James
849,Williams,Helen
850,Kendrick,Margaret
851,Jackson,Frank
852,Mckinney,Eugene
853,Bonner,Roy
854,Townsend,Lola
855,Evans,Joseph
856,Xia,Evelyn
857,Marshall,Pamela
858,Lamb,Amy
859,Herrera,Yvonne
860,Bell,Dorie
861,Mcarthur,Preston
862,Woolard,Dawn
863,Hasbrouck,Christopher
864,Baker,William
865,Ham,David
866,Shafer,Geraldine
867,Klena,Kurt
868,Price,Anne
869,English,Morris
870,Taegel,Robert
871,Johnson,Steven
872,King,Shawn
873,Jones,Bernice
874,Perry,Vickey
875,Richardson,Stephanie
876,Rosales,Gordon
877,Martin,Joseph
878,Mccarley,Daniel
879,Riffe,Wesley
880,Guillory,Brian
881,Pouncey,Tammy
882,Ylonen,Kenneth
883,Johnson,Lewis
884,Ellett,Gloria
885,Reeser,Jason
886,Mitchell,Johnny
887,Conteh,Inge
888,Flores,Charles
889,Vallejo,Christi
890,Freeman,Russell
891,Sanmiguel,James
892,Stinson,Carrie
893,Romero,Patricia
894,Cole,William
895,Horan,Thomas
896,Nicholson,Pamela
897,Castaneda,Grace
898,Douglas,Mike
899,Nichols,Rosa
900,Webb,Mark
901,Malone,Roger
902,Hurdle,Elizabeth
903,Rickards,John
904,Jackson,Andrew
905,Nichols,Frank
906,Condon,Ruth
907,Huffman,Kathy
908,Fullerton,Steven
909,Benigni,James
910,Christensen,John
911,Schenck,Willie
912,Noblitt,Richard
913,Willis,Cynthia
914,Placko,Dominic
915,Downes,Blanca
916,Scott,Myra
917,Mitchell,James
918,Preyer,Rodolfo
919,Robinson,Carla
920,Confer,June
921,Snow,Rickey
922,Flowers,Stacey
923,Bonk,Marion
924,Bowen,Frances
925,Marcotte,Shawn
926,Barrett,Therese
927,Burgos,Claudia
928,Miller,John
929,Hermann,Tyler
930,Thon,Janet
931,Colon,Francis
932,Cooper,Truman
933,Madden,Laverne
934,Anderson,Kathy
935,Watkins,Sarah
936,Oden,John
937,Anthony,Jessica
938,Tiscareno,Polly
939,Papenfuss,Margaret
940,Ledford,Jose
941,Ringwood,Paul
942,Nutt,Effie
943,Stomberg,Marie
944,Johnson,Felicia
945,Pegues,Elizabeth
946,Rudolph,Todd
947,Bedward,Darla
948,Hines,Angelo
949,Phipps,Lorie
950,Mcgriff,Kathryn
951,Bradshaw,William
952,Nelson,May
953,Massimino,Robin
954,Sinclair,Hazel
955,Jones,Kimberly
956,Jones,John
957,Moldenhauer,William
958,Colon,James
959,Interrante,Jay
960,Brunkhorst,Bradley
961,Knauss,Marie
962,Grubbs,Eric
963,Dunford,Verna
964,Hogue,Bernice
965,Mcneal,Johnnie
966,Westerman,Bernard
967,Silver,Andrew
968,Becnel,William
969,Morales,Patrick
970,Herrera,Kimberly
971,Ballard,Ruth
972,Hayes,Annette
973,Crane,Dena
974,Aronow,Benjamin
975,Labbe,Homer
976,Gilleland,Adele
977,Lewis,Ollie
978,Gibson,Jeri
979,Martone,Helen
980,Stierwalt,Leslie
981,Garcia,Pedro
982,Conner,Hector
983,Woodson,Albert
984,Stevens,Mary
985,Condra,Angela
986,Wilcox,Michael
987,Minor,Elaine
988,Agee,Patrick
989,Jaramillo,Nancy
990,Joyce,Jeremy
991,Tucker,Toni
992,Brannan,Jeanene
993,Bowen,David
994,Hall,Melissa
995,Porter,Doris
996,Fritter,Jodi
997,Biller,Jessica
998,Pugh,Cynthia
999,Sexton,Sam
1000,Pearce,Kristy
