ID,LastName,FirstName,HireDate,HireTime
1,Becker,Clint,7/23/2018,16:42:00
2,Beam,Larry,7/29/2018,10:12:00
3,Crowder,Graciela,6/18/2018,19:57:00
4,Peck,Kimberly,8/13/2018,9:41:00
5,Stoddard,Vicente,6/25/2018,18:11:00
6,Rollins,Sue,5/11/2018,20:15:00
7,Knutson,Nicholas,6/15/2018,13:58:00
8,Washington,Eric,8/27/2018,14:11:00
9,Carver,Jessica,7/8/2018,10:03:00
10,Crigger,Debra,7/18/2018,10:46:00
11,Vargas,Irwin,6/11/2018,13:55:00
12,Constantine,Josefa,7/14/2018,17:19:00
13,Clark,Joy,7/14/2018,8:36:00
14,Moore,Charles,7/7/2018,7:08:00
15,Hernandez,Heather,4/23/2018,15:51:00
16,Stevens,Kathy,5/20/2018,10:42:00
17,Faustini,Barbara,6/2/2018,17:26:00
18,Valle,Jim,7/29/2018,13:24:00
19,Shapiro,Jim,8/26/2018,16:54:00
20,Loatman,Tom,8/14/2018,20:45:00
21,Fischer,John,6/13/2018,12:53:00
22,Hollis,Anthony,4/8/2018,15:57:00
23,Bowen,James,6/20/2018,13:22:00
24,Young,Laurie,8/28/2018,12:26:00
25,Obrian,Carlos,4/5/2018,13:41:00
26,Delgado,Catina,6/14/2018,11:32:00
27,Wilmoth,Lai,4/27/2018,14:04:00
28,Barron,Jose,7/26/2018,15:10:00
29,Porter,Deonna,6/28/2018,19:55:00
30,Rossignol,James,5/11/2018,11:35:00
31,Rady,Donna,6/26/2018,16:37:00
32,Frazier,Tim,7/3/2018,18:05:00
33,Cervantes,Chris,7/29/2018,7:47:00
34,Badgett,Kenneth,8/11/2018,8:26:00
35,Hess,Luis,8/14/2018,11:03:00
36,Geffre,Seth,4/27/2018,8:17:00
37,Onstott,Mamie,7/22/2018,18:17:00
38,Bottorff,Shellie,7/1/2018,13:05:00
39,Washburn,Dante,5/27/2018,19:07:00
40,Smith,Jason,7/2/2018,20:23:00
41,Knight,Lula,7/1/2018,15:26:00
42,Rath,Patricia,4/5/2018,20:14:00
43,Talty,Jeanne,6/13/2018,13:26:00
44,Espinal,Richard,6/26/2018,15:10:00
45,Blahnik,Zachary,6/1/2018,18:43:00
46,Contreras,Jason,6/5/2018,8:31:00
47,Long,John,4/6/2018,9:57:00
48,Marion,Helen,7/1/2018,9:25:00
49,Sandage,Elias,4/14/2018,19:53:00
50,Heber,Mary,8/31/2018,8:14:00
51,Cree,Jason,6/25/2018,18:59:00
52,Uhrin,Homer,6/23/2018,16:40:00
53,Walsh,Joshua,6/26/2018,8:39:00
54,Hart,Diana,8/2/2018,10:07:00
55,Bader,Samuel,4/25/2018,15:53:00
56,Morgan,Venita,8/29/2018,18:00:00
57,Anderson,Bettye,7/31/2018,19:58:00
58,Armstead,Michael,4/25/2018,14:58:00
59,Cobb,Adriana,6/11/2018,15:50:00
60,Alonso,Carolyn,5/21/2018,14:10:00
61,Niday,Craig,8/4/2018,15:00:00
62,Kohler,Cynthia,7/15/2018,8:49:00
63,Schulz,Johanna,6/29/2018,14:33:00
64,Brockway,Leonard,6/16/2018,16:21:00
65,Labianca,Howard,8/5/2018,19:39:00
66,Hissem,Marion,5/12/2018,14:37:00
67,Gelston,Andrew,6/5/2018,15:16:00
68,Nunes,Matthew,8/12/2018,17:20:00
69,Langley,Vera,8/10/2018,14:02:00
70,Hart,Lisa,7/2/2018,11:38:00
71,Johnson,Rudolf,8/19/2018,17:29:00
72,Good,Sharon,5/2/2018,16:28:00
73,Bossert,Karen,6/5/2018,11:29:00
74,Ford,Darren,4/15/2018,15:42:00
75,Strother,Sol,6/29/2018,15:20:00
76,Dipaolo,Jerry,7/13/2018,14:18:00
77,Scerra,Inger,4/11/2018,19:12:00
78,Audet,Alex,5/26/2018,10:51:00
79,Lunsford,John,5/13/2018,12:12:00
80,Catlett,Paul,5/30/2018,18:57:00
81,Colletti,Michael,8/5/2018,9:38:00
82,Tolbert,Karen,8/24/2018,14:43:00
83,Branscum,Ken,4/7/2018,19:47:00
84,Moore,Doris,6/27/2018,8:52:00
85,Larson,Leroy,7/19/2018,17:52:00
86,Redway,James,8/2/2018,7:50:00
87,Yoshizumi,Vernon,8/25/2018,16:09:00
88,Garcia,Mark,6/15/2018,12:14:00
89,Smith,Barbara,8/17/2018,16:26:00
90,Jennings,Chris,6/13/2018,20:40:00
91,Huelse,Mike,6/9/2018,14:21:00
92,Rivera,Robert,6/21/2018,18:16:00
93,Hoffman,Jeffery,7/20/2018,17:50:00
94,Garcia,Rebecca,6/4/2018,9:32:00
95,Jones,Sharee,6/29/2018,18:00:00
96,Vinson,Linda,7/5/2018,15:27:00
97,Pacheco,Ivy,8/8/2018,14:00:00
98,Richmond,Evelyn,5/4/2018,17:31:00
99,Lee,Ralph,4/11/2018,10:35:00
100,Rogers,Barbara,4/15/2018,18:25:00
